{"35_20": [18.687785561879476, 17.56193510691325], "35_21": [18.627115154266356, 17.588308299029315], "35_22": [18.61456521352132, 18.310686923839427], "35_23": [18.52975648244222, 17.193828017623336], "35_24": [18.66040983200073, 17.513534510577166], "35_25": [18.554886245727538, 18.08517042795817], "35_26": [18.913334592183432, 18.024950592606157], "35_27": [18.481605339050294, 18.002975428545916], "35_28": [18.431685543060304, 17.810799951906557], "35_29": [18.485234260559082, 17.54725929542824], "35_30": [18.606161816914877, 18.410731739468044], "36_20": [18.640360260009764, 17.84648545583089], "36_21": [18.63527145385742, 18.351566350018537], "36_22": [18.673176320393882, 17.530237409803604], "36_23": [18.47642377217611, 18.72746898509838], "36_24": [18.517758146921793, 17.971651324519403], "36_25": [18.584212684631346, 18.06327353583442], "36_26": [18.763334401448567, 17.69816705915663], "36_27": [18.61837526957194, 17.05951217368797], "36_28": [18.70452740987142, 17.539279796459056], "36_29": [19.03130563100179, 18.221093495686848], "36_30": [18.59728921254476, 18.960873745105886], "37_20": [18.86334571838379, 18.43140662157977], "37_21": [19.0531312306722, 18.442312911704736], "37_22": [18.523331260681154, 18.4896955843325], "37_23": [18.655685297648112, 17.99154790242513], "37_24": [18.46632998784383, 17.943578755414045], "37_25": [18.708621756235758, 17.28996817270915], "37_26": [18.54144484202067, 18.027062204149033], "37_27": [18.458429845174155, 18.870755937364365], "37_28": [18.340540822347005, 18.010870085822212], "37_29": [18.214606348673502, 18.17995834350586], "37_30": [18.457925351460776, 18.127219412061905], "38_20": [18.254978370666503, 18.238716937877513], "38_21": [18.608466339111327, 18.303357194971156], "38_22": [18.819400024414062, 18.11285220252143], "38_23": [18.64899164835612, 17.361610306633843], "38_24": [18.192272504170734, 18.484696494208443], "38_25": [18.565954780578615, 19.11992730034722], "38_26": [18.557008488972983, 17.804628054300945], "38_27": [18.76859925587972, 17.591561635335285], "38_28": [18.618433698018393, 18.268470093056006], "38_29": [18.571170743306478, 17.90730197341354], "38_30": [18.653540293375652, 17.699254777696396], "39_20": [18.73281962076823, 17.463455871299463], "39_21": [18.550310452779133, 17.60569703137433], "39_22": [18.920497767130534, 17.736480077107746], "39_23": [18.33456834157308, 17.831647660997177], "39_24": [18.750416374206544, 17.753575890152543], "39_25": [18.44408353169759, 18.10286514847367], "39_26": [18.913576571146645, 18.067760785420734], "39_27": [18.511010297139485, 18.073183306941278], "39_28": [18.43019046783447, 18.005278728626394], "39_29": [18.791096909840903, 18.355234923186124], "39_30": [18.374868965148927, 17.709720823499893], "40_20": [18.74036757151286, 17.844446111608434], "40_21": [18.146105257670083, 18.285065686261213], "40_22": [18.9698486328125, 17.903331650627983], "40_23": [18.82665278116862, 17.10756552660907], "40_24": [18.82472381591797, 17.15328675729257], "40_25": [18.96839974721273, 17.569314426845974], "40_26": [18.238835906982423, 17.780101952729403], "40_27": [18.31096445719401, 17.605135175916885], "40_28": [18.535794067382813, 18.40162588048864], "40_29": [18.920852597554525, 17.401265073705602], "40_30": [18.411405499776205, 18.64178074730767], "41_20": [18.63837979634603, 18.24995641355161], "41_21": [18.40693868001302, 17.731290605333115], "41_22": [18.51620718638102, 18.063182760168004], "41_23": [18.465147272745767, 17.640819726166903], "41_24": [18.524819501241048, 18.157976609689218], "41_25": [18.544062741597493, 18.38233290778266], "41_26": [18.517501894632975, 18.637195304588037], "41_27": [18.57257982889811, 17.414798736572266], "41_28": [18.35608304341634, 17.62965308295356], "41_29": [18.53568738301595, 17.737934713010436], "41_30": [18.40452435811361, 18.2986410635489], "42_20": [18.323834737141926, 18.178494418108905], "42_21": [18.831499989827474, 17.87563786683259], "42_22": [18.6342134475708, 18.894834730360245], "42_23": [18.74500338236491, 18.323432745756925], "42_24": [18.409193420410155, 18.067836231655544], "42_25": [18.416530672709147, 17.95391305287679], "42_26": [18.657883008321125, 17.996634094803422], "42_27": [18.48728218078613, 17.358738510696977], "42_28": [18.429406229654948, 17.629770738107187], "42_29": [18.622140471140543, 17.860794208667897], "42_30": [18.46779464085897, 17.847646677935565], "43_20": [18.741259384155274, 18.568062358432346], "43_21": [18.206513341267904, 18.136228102224845], "43_22": [18.360307375590008, 16.619258209511084], "43_23": [18.35081615447998, 17.628926312481916], "43_24": [18.566902033487956, 18.03568744659424], "43_25": [18.43497657775879, 18.176491172225386], "43_26": [18.480677731831868, 17.803035559477628], "43_27": [19.144773546854655, 18.354231198628742], "43_28": [18.143205388387045, 18.66001432913321], "43_29": [18.29104690551758, 18.750767283969456], "43_30": [18.58129711151123, 17.548674901326496], "44_20": [18.445778592427573, 17.786117059213144], "44_21": [18.642473888397216, 17.769966302094637], "44_22": [18.489051183064777, 17.945092095269096], "44_23": [18.298071543375652, 18.32252576616075], "44_24": [18.393363126118977, 18.002917254412615], "44_25": [18.66812884012858, 18.562093169600875], "44_26": [18.96813570658366, 17.03054103144893], "44_27": [18.412707646687824, 18.260388444971156], "44_28": [18.579723993937176, 16.78370984395345], "44_29": [18.586935551961265, 17.67513515331127], "44_30": [18.62683238983154, 18.691303994920517], "45_20": [18.72570012410482, 17.792729377746582], "45_21": [18.409309577941894, 18.543103288721156], "45_22": [18.52965679168701, 17.720205307006836], "45_23": [18.247364044189453, 18.01660085607458], "45_24": [18.60207945505778, 18.225761236967863], "45_25": [18.276445579528808, 18.220827915050364], "45_26": [18.873598670959474, 18.47795150898121], "45_27": [18.20860703786214, 17.742642437970197], "45_28": [18.594566853841147, 18.69540853853579], "45_29": [18.830459626515708, 19.923903783162434], "45_30": [18.486453119913737, 17.791231084752965]}