{"35_20": [18.62136564254761, 17.527595166806822], "35_21": [18.94808203379313, 17.73433409796821], "35_22": [18.56257979075114, 18.10390172181306], "35_23": [18.67184460957845, 17.224024560716416], "35_24": [18.560133679707846, 18.70714823404948], "35_25": [18.437086868286134, 17.8612117767334], "36_20": [18.68237133026123, 17.45421381349917], "36_21": [18.752166748046875, 17.687286306310583], "36_22": [18.558169237772624, 17.74473151454219], "36_23": [18.912801011403403, 18.234695293285228], "36_24": [18.446260770161945, 17.269954080934877], "36_25": [18.51021957397461, 18.19238779279921], "37_20": [18.74473237991333, 17.412737210591633], "37_21": [19.023589452107746, 18.206620498939795], "37_22": [18.499971199035645, 17.75017049577501], "37_23": [18.365794499715168, 17.969013814572936], "37_24": [18.607658449808756, 18.474558583012335], "37_25": [18.494648615519207, 18.45563969788728], "38_20": [18.468960189819335, 18.34445098594383], "38_21": [19.161037063598634, 18.947560451648854], "38_22": [18.593325169881187, 17.666262061507613], "38_23": [18.534927050272625, 17.756854092633283], "38_24": [18.509235000610353, 17.876736287717467], "38_25": [18.610955429077148, 18.41759459177653], "39_20": [18.817910639444985, 18.14870043154116], "39_21": [18.507780742645263, 17.776209266097457], "39_22": [18.61151841481527, 17.794598332157843], "39_23": [18.56641731262207, 18.521415887055575], "39_24": [18.194752820332845, 18.142837347807706], "39_25": [18.43239148457845, 18.189122482582373], "40_20": [18.814405314127605, 17.062645629600244], "40_21": [18.560573005676268, 17.45736316398338], "40_22": [18.623529116312664, 18.390476332770454], "40_23": [18.18575382232666, 18.1052628269902], "40_24": [18.853301525115967, 18.15731143951416], "40_25": [18.355136648813883, 17.9594513575236]}